{"cameraMode":{"drawMode":0,"name":"Shaded","section":"Shading Mode"},"sceneLighting":false,"audioPlay":false,"sceneViewState":{"m_AlwaysRefresh":false,"showFog":true,"showSkybox":true,"showFlares":true,"showImageEffects":true,"showParticleSystems":true,"showVisualEffectGraphs":true,"m_FxEnabled":true},"in2DMode":false,"pivot":{"x":3.266347646713257,"y":3.4815492630004885,"z":-3.2858119010925295},"rotation":{"x":-0.026015477254986764,"y":0.9675926566123962,"z":-0.22483059763908387,"w":-0.11196155846118927},"size":6.584665298461914,"orthographic":false}